aspect_based_sentiment_analysis,res14,state_dict/bert_PretrainBERT_data_all_val_f1_0.4717_meanf1_0.6693_Rating_Mask,True,0.7821
aspect_based_sentiment_analysis,twitter,state_dict/bert_PretrainBERT_data_all_val_f1_0.4595_meanf1_0.6572_Rating_Mask,True,0.5896
aspect_based_sentiment_analysis,lap14,state_dict/bert_PretrainBERT_data_all_val_f1_0.4717_meanf1_0.6693_Rating_Mask,False,0.7837
aspect_based_sentiment_analysis,twitter,/gruntdata/zhoujie/bert_large_model/,False,0.7312
aspect_based_sentiment_analysis,res14,state_dict/bert_PretrainBERT_data_all_val_f1_0.4717_meanf1_0.6693_Rating_Mask,False,0.8607
aspect_based_sentiment_analysis,twitter,state_dict/bert_PretrainBERT_data_all_val_acc_0.9404_MLM/,True,0.6185
aspect_based_sentiment_analysis,res14,/gruntdata/zhoujie/bert_large_model/,False,0.8420
aspect_based_sentiment_analysis,twitter,/gruntdata/zhoujie/bert_large_model/,False,0.5000
aspect_based_sentiment_analysis,twitter,state_dict/bert_PretrainBERT_data_all_val_f1_0.4717_meanf1_0.6693_Rating_Mask,True,0.5867
aspect_based_sentiment_analysis,twitter,state_dict/bert_PretrainBERT_data_all_val_acc_0.9319_0.0065_Rating_Mask_415280/,False,0.7197
aspect_based_sentiment_analysis,lap14,state_dict/bert_PretrainBERT_data_all_val_acc_0.9404_MLM/,False,0.7900
aspect_based_sentiment_analysis,twitter,/gruntdata/zhoujie/bert_model,False,0.7168
aspect_based_sentiment_analysis,lap14,state_dict/bert_PretrainBERT_data_all_val_acc_0.9319_0.0065_Rating_Mask_415280/,False,0.8041
aspect_based_sentiment_analysis,res14,/gruntdata/zhoujie/bert_large_model/,True,0.6518
aspect_based_sentiment_analysis,lap14,/gruntdata/zhoujie/bert_model,True,0.5580
aspect_based_sentiment_analysis,lap14,/gruntdata/zhoujie/bert_model,False,0.7900
aspect_based_sentiment_analysis,res14,/gruntdata/zhoujie/bert_model,True,0.6607
aspect_based_sentiment_analysis,twitter,/gruntdata/zhoujie/bert_model,False,0.7399
aspect_based_sentiment_analysis,twitter,/gruntdata/zhoujie/bert_model,True,0.5014
aspect_based_sentiment_analysis,res14,state_dict/bert_PretrainBERT_data_all_val_acc_0.9404_MLM/,False,0.8527
aspect_based_sentiment_analysis,lap14,state_dict/large_bert_PretrainBERT_data_all_val_acc_0.9331_0.6973_Rating_Mask_290696/,True,0.7257
aspect_based_sentiment_analysis,twitter,state_dict/bert_PretrainBERT_data_all_val_f1_0.4717_meanf1_0.6693_Rating_Mask,False,0.7283
aspect_based_sentiment_analysis,res14,state_dict/large_bert_PretrainBERT_data_all_val_acc_0.9331_0.6973_Rating_Mask_290696/,False,0.8732
aspect_based_sentiment_analysis,res14,/gruntdata/zhoujie/bert_model,True,0.6554
aspect_based_sentiment_analysis,lap14,/gruntdata/zhoujie/bert_large_model/,False,0.5345
aspect_based_sentiment_analysis,twitter,/gruntdata/zhoujie/bert_model,True,0.5130
aspect_based_sentiment_analysis,twitter,/gruntdata/zhoujie/bert_large_model/,True,0.5000
aspect_based_sentiment_analysis,res14,state_dict/bert_PretrainBERT_data_all_val_f1_0.4595_meanf1_0.6572_Rating_Mask,False,0.8491
aspect_based_sentiment_analysis,lap14,state_dict/bert_PretrainBERT_data_all_val_f1_0.4595_meanf1_0.6572_Rating_Mask,True,0.7069
aspect_based_sentiment_analysis,twitter,state_dict/large_bert_PretrainBERT_data_all_val_acc_0.9284_0.6838_Rating_Mask_166112/,True,0.6199
aspect_based_sentiment_analysis,res14,state_dict/large_bert_PretrainBERT_data_all_val_acc_0.9284_0.6838_Rating_Mask_166112/,True,0.7893
aspect_based_sentiment_analysis,twitter,state_dict/large_bert_PretrainBERT_data_all_val_acc_0.9331_0.6973_Rating_Mask_290696/,True,0.6445
aspect_based_sentiment_analysis,twitter,state_dict/bert_PretrainBERT_data_all_val_acc_0.9319_0.0065_Rating_Mask_415280/,True,0.5910
aspect_based_sentiment_analysis,res14,/gruntdata/zhoujie/bert_large_model/,False,0.6500
aspect_based_sentiment_analysis,lap14,state_dict/bert_PretrainBERT_data_all_val_f1_0.4595_meanf1_0.6572_Rating_Mask,False,0.7649
aspect_based_sentiment_analysis,lap14,state_dict/bert_PretrainBERT_data_all_val_acc_0.9404_MLM/,True,0.7210
aspect_based_sentiment_analysis,twitter,state_dict/bert_PretrainBERT_data_all_val_acc_0.9404_MLM/,False,0.7399
aspect_based_sentiment_analysis,lap14,/gruntdata/zhoujie/bert_large_model/,False,0.7539
aspect_based_sentiment_analysis,lap14,state_dict/large_bert_PretrainBERT_data_all_val_acc_0.9284_0.6838_Rating_Mask_166112/,False,0.7947
aspect_based_sentiment_analysis,twitter,state_dict/large_bert_PretrainBERT_data_all_val_acc_0.9284_0.6838_Rating_Mask_166112/,False,0.7399
aspect_based_sentiment_analysis,res14,state_dict/bert_PretrainBERT_data_all_val_acc_0.9319_0.0065_Rating_Mask_415280/,True,0.7759
aspect_based_sentiment_analysis,lap14,state_dict/large_bert_PretrainBERT_data_all_val_acc_0.9331_0.6973_Rating_Mask_290696/,False,0.7915
aspect_based_sentiment_analysis,res14,state_dict/large_bert_PretrainBERT_data_all_val_acc_0.9331_0.6973_Rating_Mask_290696/,True,0.7893
aspect_based_sentiment_analysis,res14,/gruntdata/zhoujie/bert_model,False,0.8518
aspect_based_sentiment_analysis,lap14,/gruntdata/zhoujie/bert_model,True,0.5502
aspect_based_sentiment_analysis,lap14,/gruntdata/zhoujie/bert_model,False,0.7806
aspect_based_sentiment_analysis,res14,/gruntdata/zhoujie/bert_large_model/,True,0.6509
aspect_based_sentiment_analysis,res14,state_dict/bert_PretrainBERT_data_all_val_acc_0.9319_0.0065_Rating_Mask_415280/,False,0.8607
aspect_based_sentiment_analysis,lap14,state_dict/bert_PretrainBERT_data_all_val_acc_0.9319_0.0065_Rating_Mask_415280/,True,0.7147
aspect_based_sentiment_analysis,res14,state_dict/bert_PretrainBERT_data_all_val_acc_0.9404_MLM/,True,0.7625
aspect_based_sentiment_analysis,twitter,state_dict/large_bert_PretrainBERT_data_all_val_acc_0.9331_0.6973_Rating_Mask_290696/,False,0.7355
aspect_based_sentiment_analysis,lap14,state_dict/large_bert_PretrainBERT_data_all_val_acc_0.9284_0.6838_Rating_Mask_166112/,True,0.7116
aspect_based_sentiment_analysis,twitter,/gruntdata/zhoujie/bert_large_model/,True,0.5000
aspect_based_sentiment_analysis,lap14,/gruntdata/zhoujie/bert_large_model/,True,0.5439
aspect_based_sentiment_analysis,res14,/gruntdata/zhoujie/bert_large_model/,False,0.6500
aspect_based_sentiment_analysis,twitter,state_dict/bert_PretrainBERT_data_all_val_f1_0.4595_meanf1_0.6572_Rating_Mask,False,0.7298
aspect_based_sentiment_analysis,lap14,/gruntdata/zhoujie/bert_large_model/,True,0.5674
aspect_based_sentiment_analysis,lap14,/gruntdata/zhoujie/bert_large_model/,False,0.7853
aspect_based_sentiment_analysis,res14,state_dict/large_bert_PretrainBERT_data_all_val_acc_0.9284_0.6838_Rating_Mask_166112/,False,0.8607
aspect_based_sentiment_analysis,res14,state_dict/bert_PretrainBERT_data_all_val_f1_0.4595_meanf1_0.6572_Rating_Mask,True,0.7652
aspect_based_sentiment_analysis,twitter,/gruntdata/zhoujie/bert_large_model/,False,0.5000
aspect_based_sentiment_analysis,lap14,state_dict/bert_PretrainBERT_data_all_val_f1_0.4717_meanf1_0.6693_Rating_Mask,True,0.7132
sentiment_analysis,SST-5-root,/gruntdata/zhoujie/bert_large_model/,False,0.2864
sentiment_analysis,SST-5-root,state_dict/large_bert_PretrainBERT_data_all_val_acc_0.9307_0.6903_Rating_Mask_207640/,False,0.5439
sentiment_analysis,SST-2-root,/gruntdata/zhoujie/bert_model,True,0.5415
sentiment_analysis,Yelp,/gruntdata/zhoujie/bert_model/,False,0.9270
sentiment_analysis,SST-5-root,/gruntdata/zhoujie/roberta_model/,True,0.2864
sentiment_analysis,SST-5-root,/gruntdata/zhoujie/bert_large_model/,True,0.2439
sentiment_analysis,IMDB,state_dict/large_bert_PretrainBERT_data_all_val_acc_0.9362_0.7033_Rating_Mask_539864/,True,0.9327
sentiment_analysis,SST-5-root,state_dict/large_bert_PretrainBERT_data_all_val_acc_0.9307_0.6903_Rating_Mask_207640/,True,0.4480
sentiment_analysis,SST-5-root,/gruntdata/zhoujie/bert_large_model/,False,0.5480
sentiment_analysis,Yelp,state_dict/bert_PretrainBERT_data_all_val_acc_0.9319_0.0065_Rating_Mask_415280/,False,0.9582
sentiment_analysis,SST-2-root,/gruntdata/zhoujie/bert_model,True,0.5107
sentiment_analysis,IMDB,/gruntdata/zhoujie/roberta_model/,False,0.5000
sentiment_analysis,SST-5-root,/gruntdata/zhoujie/bert_model/,True,0.2864
sentiment_analysis,SST-5-root,/gruntdata/zhoujie/bert_model/,False,0.2864
sentiment_analysis,SST-5-root,/gruntdata/zhoujie/bert_model/,False,0.4792
sentiment_analysis,Yelp,state_dict/bert_PretrainBERT_data_all_val_acc_0.9317_0.0065_Rating_Mask_373752/,False,0.9600
sentiment_analysis,SST-2-root,state_dict/bert_PretrainBERT_data_all_val_f1_0.4667_meanf1_0.6652_Rating_Mask/,False,0.8775
sentiment_analysis,IMDB,/gruntdata/zhoujie/bert_model/,False,0.8636
sentiment_analysis,SST-2-root,/gruntdata/zhoujie/roberta_model/,True,0.4992
sentiment_analysis,SST-2-all,/gruntdata/zhoujie/bert_model/,False,0.8603
sentiment_analysis,Yelp,/gruntdata/zhoujie/bert_large_model/,False,0.9272
sentiment_analysis,SST-2-all,state_dict/bert_PretrainBERT_data_all_val_acc_0.9319_0.0065_Rating_Mask_415280/,False,0.8692
sentiment_analysis,SST-2-root,state_dict/large_bert_PretrainBERT_data_all_val_acc_0.9307_0.6903_Rating_Mask_207640/,False,0.9330
sentiment_analysis,IMDB,state_dict/large_bert_PretrainBERT_data_all_val_acc_0.9307_0.6903_Rating_Mask_207640/,True,0.9324
sentiment_analysis,SST-2-root,/gruntdata/zhoujie/bert_large_model/,False,0.5058
sentiment_analysis,SST-2-root,/gruntdata/zhoujie/bert_large_model/,False,0.5008
sentiment_analysis,SST-2-all,state_dict/bert_PretrainBERT_data_all_val_acc_0.9319_0.0065_Rating_Mask_415280/,True,0.8146
sentiment_analysis,SST-5-root,/gruntdata/zhoujie/bert_model/,True,0.2615
sentiment_analysis,SST-5-root,/gruntdata/zhoujie/bert_large_model/,False,0.2593
sentiment_analysis,SST-2-root,/gruntdata/zhoujie/bert_large_model/,True,0.5102
sentiment_analysis,SST-2-root,/gruntdata/zhoujie/bert_large_model/,True,0.5107
sentiment_analysis,SST-2-root,/gruntdata/zhoujie/bert_large_model/,True,0.4992
sentiment_analysis,IMDB,/gruntdata/zhoujie/bert_large_model/,False,0.9246
sentiment_analysis,SST-2-root,/gruntdata/zhoujie/bert_large_model/,True,0.5195
sentiment_analysis,SST-5-root,/gruntdata/zhoujie/bert_large_model/,False,0.2864
sentiment_analysis,IMDB,/gruntdata/zhoujie/bert_large_model/,True,0.6014
sentiment_analysis,SST-2-root,/gruntdata/zhoujie/roberta_model/,False,0.4992
sentiment_analysis,SST-5-root,/gruntdata/zhoujie/bert_large_model/,True,0.2425
sentiment_analysis,IMDB,state_dict/large_bert_PretrainBERT_data_all_val_acc_0.9362_0.7033_Rating_Mask_539864/,True,0.9334
sentiment_analysis,IMDB,/gruntdata/zhoujie/bert_large_model/,True,0.5694
sentiment_analysis,IMDB,/gruntdata/zhoujie/bert_large_model/,True,0.5694
sentiment_analysis,SST-5-root,state_dict/bert_PretrainBERT_data_all_val_f1_0.4667_meanf1_0.6652_Rating_Mask/,False,0.5176
sentiment_analysis,SST-2-root,/gruntdata/zhoujie/bert_large_model/,True,0.5107
sentiment_analysis,IMDB,state_dict/large_bert_PretrainBERT_data_all_val_acc_0.9362_0.7033_Rating_Mask_539864/,False,0.9478
sentiment_analysis,SST-2-all,/gruntdata/zhoujie/bert_model/,True,0.5703
sentiment_analysis,SST-2-root,/gruntdata/zhoujie/bert_large_model/,False,0.5107
sentiment_analysis,SST-5-root,/gruntdata/zhoujie/bert_large_model/,False,0.2864
sentiment_analysis,IMDB,/gruntdata/zhoujie/bert_large_model/,True,0.5026
sentiment_analysis,Yelp,state_dict/bert_PretrainBERT_data_all_val_acc_0.9317_0.0065_Rating_Mask_373752/,True,0.9607
sentiment_analysis,SST-5-root,/gruntdata/zhoujie/bert_large_model/,True,0.2448
sentiment_analysis,IMDB,/gruntdata/zhoujie/bert_large_model/,False,0.9353
sentiment_analysis,IMDB,state_dict/bert_PretrainBERT_data_all_val_f1_0.4667_meanf1_0.6652_Rating_Mask/,False,0.5000
sentiment_analysis,SST-2-root,/gruntdata/zhoujie/bert_model,False,0.9094
sentiment_analysis,SST-2-root,state_dict/large_bert_PretrainBERT_data_all_val_acc_0.9307_0.6903_Rating_Mask_207640/,True,0.8869
sentiment_analysis,SST-5-root,/gruntdata/zhoujie/bert_model/,False,0.2864
sentiment_analysis,SST-2-root,/gruntdata/zhoujie/bert_large_model/,True,0.4997
sentiment_analysis,SST-2-root,state_dict/bert_PretrainBERT_data_all_val_f1_0.4667_meanf1_0.6652_Rating_Mask/,True,0.4992
sentiment_analysis,SST-2-root,/gruntdata/zhoujie/bert_model,False,0.8138
sentiment_analysis,SST-2-root,/gruntdata/zhoujie/bert_large_model/,False,0.8847
sentiment_analysis,SST-5-root,/gruntdata/zhoujie/bert_large_model/,True,0.2846
sentiment_analysis,Yelp,state_dict/large_bert_PretrainBERT_data_all_val_acc_0.9362_0.7033_Rating_Mask_539864/,False,0.9277
sentiment_analysis,IMDB,/gruntdata/zhoujie/bert_model/,True,0.5188
sentiment_analysis,SST-5-root,/gruntdata/zhoujie/bert_large_model/,True,0.2846
sentiment_analysis,SST-2-root,/gruntdata/zhoujie/bert_large_model/,False,0.4992
sentiment_analysis,IMDB,/gruntdata/zhoujie/roberta_model/,True,0.5000
sentiment_analysis,SST-5-root,/gruntdata/zhoujie/bert_large_model/,True,0.2606
sentiment_analysis,SST-2-root,/gruntdata/zhoujie/bert_large_model/,False,0.4992
sentiment_analysis,SST-5-root,/gruntdata/zhoujie/bert_large_model/,False,0.2308
sentiment_analysis,SST-5-root,state_dict/bert_PretrainBERT_data_all_val_f1_0.4667_meanf1_0.6652_Rating_Mask/,True,0.4683
sentiment_analysis,SST-5-root,/gruntdata/zhoujie/roberta_model/,False,0.2308
sentiment_analysis,IMDB,/gruntdata/zhoujie/bert_model,True,0.5334
few_shot_sentiment_analysis,SST-5-root,/gruntdata/zhoujie/bert_model,True,50,0.2679
few_shot_sentiment_analysis,SST-2-root,state_dict/bert_PretrainBERT_data_all_val_f1_0.4667_meanf1_0.6652_Rating_Mask/,True,500,0.8786
few_shot_sentiment_analysis,SST-5-root,/gruntdata/zhoujie/bert_model,True,500,0.2860
few_shot_sentiment_analysis,SST-5-root,/gruntdata/zhoujie/bert_model,False,100,0.2557
few_shot_sentiment_analysis,Yelp,state_dict/bert_PretrainBERT_data_all_val_f1_0.4717_meanf1_0.6693_Rating_Mask/,False,100,0.9608
few_shot_sentiment_analysis,SST-2-root,state_dict/bert_PretrainBERT_data_all_val_f1_0.4667_meanf1_0.6652_Rating_Mask/,True,1000,0.8748
few_shot_sentiment_analysis,IMDB,/gruntdata/zhoujie/bert_model,True,10,0.5014
few_shot_sentiment_analysis,SST-5-root,state_dict/bert_PretrainBERT_data_all_val_f1_0.4717_meanf1_0.6693_Rating_Mask/,True,500,0.4285
few_shot_sentiment_analysis,IMDB,/gruntdata/zhoujie/bert_model,False,200,0.8701
few_shot_sentiment_analysis,IMDB,/gruntdata/zhoujie/bert_model,True,10,0.5001
few_shot_sentiment_analysis,SST-5-root,/gruntdata/zhoujie/bert_model,True,200,0.2756
few_shot_sentiment_analysis,IMDB,state_dict/bert_PretrainBERT_data_all_val_f1_0.4717_meanf1_0.6693_Rating_Mask/,True,1000,0.9296
few_shot_sentiment_analysis,SST-5-root,/gruntdata/zhoujie/bert_model,False,50,0.2615
few_shot_sentiment_analysis,SST-5-root,/gruntdata/zhoujie/bert_model,False,500,0.2864
few_shot_sentiment_analysis,Yelp,/gruntdata/zhoujie/bert_model,False,10,0.5595
few_shot_sentiment_analysis,SST-2-root,/gruntdata/zhoujie/bert_model,False,50,0.5327
few_shot_sentiment_analysis,Yelp,/gruntdata/zhoujie/bert_model,False,1000,0.9178
few_shot_sentiment_analysis,SST-2-root,state_dict/bert_PretrainBERT_data_all_val_f1_0.4667_meanf1_0.6652_Rating_Mask/,False,1000,0.8830
few_shot_sentiment_analysis,SST-5-root,/gruntdata/zhoujie/bert_model,False,1000,0.2371
few_shot_sentiment_analysis,SST-2-root,state_dict/bert_PretrainBERT_data_all_val_f1_0.4667_meanf1_0.6652_Rating_Mask/,True,100,0.8671
few_shot_sentiment_analysis,SST-5-root,/gruntdata/zhoujie/bert_model,True,1000,0.2864
few_shot_sentiment_analysis,IMDB,state_dict/bert_PretrainBERT_data_all_val_f1_0.4717_meanf1_0.6693_Rating_Mask/,False,1000,0.9306
few_shot_sentiment_analysis,IMDB,/gruntdata/zhoujie/bert_model,True,100,0.5240
few_shot_sentiment_analysis,SST-2-root,state_dict/bert_PretrainBERT_data_all_val_f1_0.4717_meanf1_0.6693_Rating_Mask/,False,200,0.8935
few_shot_sentiment_analysis,IMDB,state_dict/bert_PretrainBERT_data_all_val_f1_0.4717_meanf1_0.6693_Rating_Mask/,True,200,0.9294
few_shot_sentiment_analysis,IMDB,/gruntdata/zhoujie/bert_model,False,500,0.8845
few_shot_sentiment_analysis,SST-5-root,/gruntdata/zhoujie/bert_model,False,200,0.3244
few_shot_sentiment_analysis,IMDB,state_dict/bert_PretrainBERT_data_all_val_f1_0.4717_meanf1_0.6693_Rating_Mask/,True,10,0.9220
few_shot_sentiment_analysis,SST-2-root,state_dict/bert_PretrainBERT_data_all_val_f1_0.4667_meanf1_0.6652_Rating_Mask/,False,200,0.8907
few_shot_sentiment_analysis,SST-2-root,/gruntdata/zhoujie/bert_model,True,100,0.8792
few_shot_sentiment_analysis,SST-5-root,state_dict/bert_PretrainBERT_data_all_val_f1_0.4717_meanf1_0.6693_Rating_Mask/,False,200,0.4679
few_shot_sentiment_analysis,SST-5-root,state_dict/bert_PretrainBERT_data_all_val_f1_0.4717_meanf1_0.6693_Rating_Mask/,True,10,0.4122
few_shot_sentiment_analysis,IMDB,state_dict/bert_PretrainBERT_data_all_val_f1_0.4667_meanf1_0.6652_Rating_Mask/,True,10,0.9195
few_shot_sentiment_analysis,SST-2-root,state_dict/bert_PretrainBERT_data_all_val_f1_0.4667_meanf1_0.6652_Rating_Mask/,False,10,0.8583
few_shot_sentiment_analysis,SST-5-root,state_dict/bert_PretrainBERT_data_all_val_f1_0.4717_meanf1_0.6693_Rating_Mask/,False,100,0.4443
few_shot_sentiment_analysis,IMDB,state_dict/bert_PretrainBERT_data_all_val_f1_0.4717_meanf1_0.6693_Rating_Mask/,False,100,0.9286
few_shot_sentiment_analysis,SST-2-root,state_dict/bert_PretrainBERT_data_all_val_f1_0.4667_meanf1_0.6652_Rating_Mask/,True,200,0.8731
few_shot_sentiment_analysis,SST-5-root,state_dict/bert_PretrainBERT_data_all_val_f1_0.4717_meanf1_0.6693_Rating_Mask/,False,50,0.4163
few_shot_sentiment_analysis,Yelp,state_dict/bert_PretrainBERT_data_all_val_f1_0.4717_meanf1_0.6693_Rating_Mask/,True,500,0.9602
few_shot_sentiment_analysis,IMDB,/gruntdata/zhoujie/bert_model,False,50,0.7239
few_shot_sentiment_analysis,Yelp,state_dict/bert_PretrainBERT_data_all_val_f1_0.4717_meanf1_0.6693_Rating_Mask/,True,200,0.9529
few_shot_sentiment_analysis,SST-2-root,state_dict/bert_PretrainBERT_data_all_val_f1_0.4717_meanf1_0.6693_Rating_Mask/,False,10,0.8567
few_shot_sentiment_analysis,SST-5-root,state_dict/bert_PretrainBERT_data_all_val_f1_0.4717_meanf1_0.6693_Rating_Mask/,True,200,0.4688
few_shot_sentiment_analysis,SST-5-root,state_dict/bert_PretrainBERT_data_all_val_f1_0.4717_meanf1_0.6693_Rating_Mask/,True,100,0.4271
few_shot_sentiment_analysis,SST-2-root,/gruntdata/zhoujie/bert_model,True,500,0.5332
few_shot_sentiment_analysis,SST-2-root,/gruntdata/zhoujie/bert_model,True,10,0.4992
few_shot_sentiment_analysis,Yelp,/gruntdata/zhoujie/bert_model,False,100,0.7785
few_shot_sentiment_analysis,SST-5-root,state_dict/bert_PretrainBERT_data_all_val_f1_0.4717_meanf1_0.6693_Rating_Mask/,True,50,0.4412
few_shot_sentiment_analysis,SST-2-root,state_dict/bert_PretrainBERT_data_all_val_f1_0.4717_meanf1_0.6693_Rating_Mask/,True,200,0.8638
few_shot_sentiment_analysis,Yelp,/gruntdata/zhoujie/bert_model,False,200,0.9025
few_shot_sentiment_analysis,IMDB,/gruntdata/zhoujie/bert_model,False,1000,0.8890
few_shot_sentiment_analysis,SST-2-root,state_dict/bert_PretrainBERT_data_all_val_f1_0.4717_meanf1_0.6693_Rating_Mask/,True,100,0.8781
few_shot_sentiment_analysis,SST-2-root,/gruntdata/zhoujie/bert_model,False,100,0.6562
few_shot_sentiment_analysis,SST-2-root,/gruntdata/zhoujie/bert_model,False,200,0.8506
few_shot_sentiment_analysis,IMDB,state_dict/bert_PretrainBERT_data_all_val_f1_0.4717_meanf1_0.6693_Rating_Mask/,True,50,0.9289
few_shot_sentiment_analysis,IMDB,/gruntdata/zhoujie/bert_model,False,10,0.5422
few_shot_sentiment_analysis,Yelp,state_dict/bert_PretrainBERT_data_all_val_f1_0.4717_meanf1_0.6693_Rating_Mask/,False,500,0.9611
few_shot_sentiment_analysis,SST-2-root,/gruntdata/zhoujie/bert_model,True,200,0.5233
few_shot_sentiment_analysis,SST-2-root,state_dict/bert_PretrainBERT_data_all_val_f1_0.4667_meanf1_0.6652_Rating_Mask/,False,50,0.8792
few_shot_sentiment_analysis,SST-2-root,/gruntdata/zhoujie/bert_model,True,200,0.5173
few_shot_sentiment_analysis,Yelp,state_dict/bert_PretrainBERT_data_all_val_f1_0.4717_meanf1_0.6693_Rating_Mask/,False,10,0.9414
few_shot_sentiment_analysis,SST-2-root,/gruntdata/zhoujie/bert_model,True,500,0.5239
few_shot_sentiment_analysis,SST-2-root,/gruntdata/zhoujie/bert_model,False,500,0.5217
few_shot_sentiment_analysis,Yelp,state_dict/bert_PretrainBERT_data_all_val_f1_0.4717_meanf1_0.6693_Rating_Mask/,True,10,0.9425
few_shot_sentiment_analysis,SST-2-root,state_dict/bert_PretrainBERT_data_all_val_f1_0.4717_meanf1_0.6693_Rating_Mask/,False,1000,0.9072
few_shot_sentiment_analysis,Yelp,/gruntdata/zhoujie/bert_model,True,100,0.5484
few_shot_sentiment_analysis,SST-5-root,/gruntdata/zhoujie/bert_model,False,10,0.2317
few_shot_sentiment_analysis,SST-2-root,/gruntdata/zhoujie/bert_model,False,10,0.5129
few_shot_sentiment_analysis,Yelp,/gruntdata/zhoujie/bert_model,True,200,0.5681
few_shot_sentiment_analysis,SST-2-root,/gruntdata/zhoujie/bert_model,True,100,0.5321
few_shot_sentiment_analysis,IMDB,state_dict/bert_PretrainBERT_data_all_val_f1_0.4717_meanf1_0.6693_Rating_Mask/,False,500,0.9338
few_shot_sentiment_analysis,IMDB,/gruntdata/zhoujie/bert_model,True,50,0.5132
few_shot_sentiment_analysis,IMDB,state_dict/bert_PretrainBERT_data_all_val_f1_0.4717_meanf1_0.6693_Rating_Mask/,True,500,0.9299
few_shot_sentiment_analysis,SST-5-root,state_dict/bert_PretrainBERT_data_all_val_f1_0.4717_meanf1_0.6693_Rating_Mask/,False,500,0.4624
few_shot_sentiment_analysis,Yelp,state_dict/bert_PretrainBERT_data_all_val_f1_0.4717_meanf1_0.6693_Rating_Mask/,False,50,0.9589
few_shot_sentiment_analysis,SST-2-root,state_dict/bert_PretrainBERT_data_all_val_f1_0.4717_meanf1_0.6693_Rating_Mask/,False,100,0.8940
few_shot_sentiment_analysis,IMDB,state_dict/bert_PretrainBERT_data_all_val_f1_0.4667_meanf1_0.6652_Rating_Mask/,True,50,0.9295
few_shot_sentiment_analysis,SST-2-root,/gruntdata/zhoujie/bert_model,False,50,0.5162
few_shot_sentiment_analysis,Yelp,/gruntdata/zhoujie/bert_model,True,10,0.5001
few_shot_sentiment_analysis,SST-5-root,/gruntdata/zhoujie/bert_model,True,10,0.2548
few_shot_sentiment_analysis,Yelp,/gruntdata/zhoujie/bert_model,False,500,0.9128
few_shot_sentiment_analysis,SST-2-root,/gruntdata/zhoujie/bert_model,True,50,0.5135
few_shot_sentiment_analysis,IMDB,state_dict/bert_PretrainBERT_data_all_val_f1_0.4717_meanf1_0.6693_Rating_Mask/,False,10,0.9244
few_shot_sentiment_analysis,SST-2-root,/gruntdata/zhoujie/bert_model,True,50,0.5003
few_shot_sentiment_analysis,IMDB,state_dict/bert_PretrainBERT_data_all_val_f1_0.4717_meanf1_0.6693_Rating_Mask/,False,50,0.9250
few_shot_sentiment_analysis,SST-2-root,/gruntdata/zhoujie/bert_model,False,500,0.5025
few_shot_sentiment_analysis,SST-2-root,state_dict/bert_PretrainBERT_data_all_val_f1_0.4667_meanf1_0.6652_Rating_Mask/,True,10,0.8764
few_shot_sentiment_analysis,SST-2-root,/gruntdata/zhoujie/bert_model,True,1000,0.4992
few_shot_sentiment_analysis,Yelp,state_dict/bert_PretrainBERT_data_all_val_f1_0.4717_meanf1_0.6693_Rating_Mask/,False,200,0.9597
few_shot_sentiment_analysis,Yelp,/gruntdata/zhoujie/bert_model,True,500,0.5770
few_shot_sentiment_analysis,SST-2-root,state_dict/bert_PretrainBERT_data_all_val_f1_0.4717_meanf1_0.6693_Rating_Mask/,True,10,0.8583
few_shot_sentiment_analysis,IMDB,/gruntdata/zhoujie/bert_model,False,100,0.7650
few_shot_sentiment_analysis,SST-2-root,state_dict/bert_PretrainBERT_data_all_val_f1_0.4717_meanf1_0.6693_Rating_Mask/,True,50,0.8731
few_shot_sentiment_analysis,Yelp,/gruntdata/zhoujie/bert_model,False,50,0.6299
few_shot_sentiment_analysis,Yelp,/gruntdata/zhoujie/bert_model,True,50,0.5596
few_shot_sentiment_analysis,Yelp,state_dict/bert_PretrainBERT_data_all_val_f1_0.4717_meanf1_0.6693_Rating_Mask/,False,1000,0.9603
few_shot_sentiment_analysis,IMDB,/gruntdata/zhoujie/bert_model,True,500,0.5540
few_shot_sentiment_analysis,IMDB,state_dict/bert_PretrainBERT_data_all_val_f1_0.4667_meanf1_0.6652_Rating_Mask/,False,10,0.9242
few_shot_sentiment_analysis,SST-2-root,/gruntdata/zhoujie/bert_model,False,10,0.5706
few_shot_sentiment_analysis,IMDB,state_dict/bert_PretrainBERT_data_all_val_f1_0.4717_meanf1_0.6693_Rating_Mask/,True,100,0.9302
few_shot_sentiment_analysis,IMDB,state_dict/bert_PretrainBERT_data_all_val_f1_0.4717_meanf1_0.6693_Rating_Mask/,False,200,0.9282
few_shot_sentiment_analysis,SST-2-root,state_dict/bert_PretrainBERT_data_all_val_f1_0.4667_meanf1_0.6652_Rating_Mask/,False,500,0.9006
few_shot_sentiment_analysis,SST-5-root,/gruntdata/zhoujie/bert_model,True,100,0.2692
few_shot_sentiment_analysis,Yelp,state_dict/bert_PretrainBERT_data_all_val_f1_0.4717_meanf1_0.6693_Rating_Mask/,True,1000,0.9605
few_shot_sentiment_analysis,SST-2-root,/gruntdata/zhoujie/bert_model,True,10,0.5310
few_shot_sentiment_analysis,IMDB,/gruntdata/zhoujie/bert_model,True,200,0.5290
few_shot_sentiment_analysis,SST-2-root,state_dict/bert_PretrainBERT_data_all_val_f1_0.4717_meanf1_0.6693_Rating_Mask/,False,500,0.8995
few_shot_sentiment_analysis,Yelp,state_dict/bert_PretrainBERT_data_all_val_f1_0.4717_meanf1_0.6693_Rating_Mask/,True,50,0.9538
few_shot_sentiment_analysis,SST-2-root,state_dict/bert_PretrainBERT_data_all_val_f1_0.4667_meanf1_0.6652_Rating_Mask/,False,100,0.8962
few_shot_sentiment_analysis,SST-5-root,state_dict/bert_PretrainBERT_data_all_val_f1_0.4717_meanf1_0.6693_Rating_Mask/,False,1000,0.4620
few_shot_sentiment_analysis,SST-5-root,state_dict/bert_PretrainBERT_data_all_val_f1_0.4717_meanf1_0.6693_Rating_Mask/,False,10,0.3910
few_shot_sentiment_analysis,SST-2-root,/gruntdata/zhoujie/bert_model,False,100,0.7386
few_shot_sentiment_analysis,IMDB,state_dict/bert_PretrainBERT_data_all_val_f1_0.4667_meanf1_0.6652_Rating_Mask/,False,50,0.9308
few_shot_sentiment_analysis,Yelp,/gruntdata/zhoujie/bert_model,True,1000,0.5890
few_shot_sentiment_analysis,SST-2-root,/gruntdata/zhoujie/bert_model,False,200,0.8375
few_shot_sentiment_analysis,SST-5-root,state_dict/bert_PretrainBERT_data_all_val_f1_0.4717_meanf1_0.6693_Rating_Mask/,True,1000,0.4643
few_shot_sentiment_analysis,IMDB,/gruntdata/zhoujie/bert_model,True,1000,0.5274
few_shot_sentiment_analysis,SST-2-root,state_dict/bert_PretrainBERT_data_all_val_f1_0.4717_meanf1_0.6693_Rating_Mask/,True,500,0.8792
few_shot_sentiment_analysis,SST-2-root,/gruntdata/zhoujie/bert_model,False,1000,0.8764
few_shot_sentiment_analysis,Yelp,state_dict/bert_PretrainBERT_data_all_val_f1_0.4717_meanf1_0.6693_Rating_Mask/,True,100,0.9508
few_shot_sentiment_analysis,SST-2-root,state_dict/bert_PretrainBERT_data_all_val_f1_0.4717_meanf1_0.6693_Rating_Mask/,False,50,0.8847
few_shot_sentiment_analysis,SST-2-root,state_dict/bert_PretrainBERT_data_all_val_f1_0.4667_meanf1_0.6652_Rating_Mask/,True,50,0.8671
multidomain_sentiment_analysis,books,/gruntdata/zhoujie/bert_model,True,0,0.5540,0.5655,0.5405
multidomain_sentiment_analysis,kitchen_&_housewares,/gruntdata/zhoujie/bert_model,False,0.8090,0.7920,0.8785,0
multidomain_sentiment_analysis,dvd,state_dict/bert_PretrainBERT_data_all_val_acc_0.9409_MLM/,False,0.8750,0,0.8880,0.9220
multidomain_sentiment_analysis,kitchen_&_housewares,/gruntdata/zhoujie/bert_model,True,0.5090,0.5110,0.5075,0
multidomain_sentiment_analysis,kitchen_&_housewares,state_dict/bert_PretrainBERT_data_all_val_f1_0.4595_meanf1_0.6572_Rating_Mask/,False,0.9100,0.9100,0.9340,0
multidomain_sentiment_analysis,books,state_dict/bert_PretrainBERT_data_all_val_acc_0.9409_MLM/,False,0,0.8500,0.8750,0.9035
multidomain_sentiment_analysis,books,../bert_model/,True,0,0.5480,0.5495,0.5270
multidomain_sentiment_analysis,electronics,/gruntdata/zhoujie/bert_model,False,0.8105,0.8160,0,0.8750
multidomain_sentiment_analysis,electronics,/gruntdata/zhoujie/bert_model,False,0.8030,0.8080,0,0.8900
multidomain_sentiment_analysis,dvd,state_dict/bert_PretrainBERT_data_all_val_acc_0.9294_0.6922_Rating_Mask_Multidomain/,True,0.9125,0,0.9275,0.9570
multidomain_sentiment_analysis,kitchen_&_housewares,state_dict/bert_PretrainBERT_data_all_val_acc_0.9409_MLM/,True,0.8450,0.8410,0.8925,0
multidomain_sentiment_analysis,electronics,state_dict/bert_PretrainBERT_data_all_val_f1_0.4595_meanf1_0.6572_Rating_Mask/,True,0.9045,0.9040,0,0.9550
multidomain_sentiment_analysis,books,/gruntdata/zhoujie/bert_model,False,0,0.8585,0.8510,0.8615
multidomain_sentiment_analysis,books,state_dict/bert_PretrainBERT_data_all_val_acc_0.9304_MLM/,False,0,0.8430,0.8505,0.8545
multidomain_sentiment_analysis,electronics,/gruntdata/zhoujie/bert_model,True,0.5550,0.5600,0,0.5555
multidomain_sentiment_analysis,kitchen_&_housewares,/gruntdata/zhoujie/bert_model,False,0.8210,0.8205,0.8835,0
multidomain_sentiment_analysis,books,state_dict/bert_PretrainBERT_data_all_val_f1_0.4595_meanf1_0.6572_Rating_Mask/,True,0,0.9125,0.9265,0.9570
multidomain_sentiment_analysis,dvd,state_dict/bert_PretrainBERT_data_all_val_acc_0.9228_0.6623_Rating_Mask_Multidomain/,False,0.9085,0,0.9215,0.9495
multidomain_sentiment_analysis,electronics,/gruntdata/zhoujie/bert_model,False,0.8185,0.8385,0,0.9080
multidomain_sentiment_analysis,dvd,/gruntdata/zhoujie/bert_model,False,0.8670,0,0.8095,0.8620
multidomain_sentiment_analysis,dvd,state_dict/bert_PretrainBERT_data_all_val_acc_0.9241_0.667_Rating_Mask_Multidomain/,False,0.9085,0,0.9375,0.9610
multidomain_sentiment_analysis,books,state_dict/bert_PretrainBERT_data_all_val_acc_0.9241_0.667_Rating_Mask_Multidomain/,False,0,0.9200,0.9290,0.9530
multidomain_sentiment_analysis,electronics,state_dict/bert_PretrainBERT_data_all_val_f1_0.4595_meanf1_0.6572_Rating_Mask/,False,0.9075,0.9090,0,0.9530
multidomain_sentiment_analysis,books,/gruntdata/zhoujie/bert_model,False,0,0.8425,0.7975,0.8300
multidomain_sentiment_analysis,dvd,/gruntdata/zhoujie/bert_model,True,0.5510,0,0.5725,0.5375
multidomain_sentiment_analysis,kitchen_&_housewares,state_dict/bert_PretrainBERT_data_all_val_acc_0.9409_MLM/,False,0.8910,0.8860,0.9175,0
multidomain_sentiment_analysis,electronics,/gruntdata/zhoujie/bert_model,True,0.5550,0.5665,0,0.5550
multidomain_sentiment_analysis,books,state_dict/bert_PretrainBERT_data_all_val_acc_0.9241_0.667_Rating_Mask_Multidomain/,True,0,0.9180,0.9250,0.9520
multidomain_sentiment_analysis,dvd,/gruntdata/zhoujie/bert_model,True,0.5155,0,0.5240,0.5055
multidomain_sentiment_analysis,kitchen_&_housewares,state_dict/bert_PretrainBERT_data_all_val_acc_0.9294_0.6922_Rating_Mask_Multidomain/,True,0.9020,0.9090,0.9365,0
multidomain_sentiment_analysis,electronics,state_dict/bert_PretrainBERT_data_all_val_acc_0.9228_0.6623_Rating_Mask_Multidomain/,False,0.9140,0.9125,0,0.9560
multidomain_sentiment_analysis,books,/gruntdata/zhoujie/bert_model,True,0,0.5660,0.5650,0.5465
multidomain_sentiment_analysis,books,/gruntdata/zhoujie/bert_model,True,0,0.5850,0.5890,0.5460
multidomain_sentiment_analysis,electronics,state_dict/bert_PretrainBERT_data_all_val_acc_0.9409_MLM/,True,0.8115,0.8105,0,0.9045
multidomain_sentiment_analysis,dvd,/gruntdata/zhoujie/bert_model,False,0.8505,0,0.8450,0.8425
multidomain_sentiment_analysis,electronics,state_dict/bert_PretrainBERT_data_all_val_acc_0.9294_0.6922_Rating_Mask_Multidomain/,False,0.8855,0.8935,0,0.9475
multidomain_sentiment_analysis,kitchen_&_housewares,state_dict/bert_PretrainBERT_data_all_val_acc_0.9241_0.667_Rating_Mask_Multidomain/,False,0.9140,0.9170,0.9280,0
multidomain_sentiment_analysis,dvd,state_dict/bert_PretrainBERT_data_all_val_acc_0.9294_0.6922_Rating_Mask_Multidomain/,False,0.9150,0,0.9480,0.9605
multidomain_sentiment_analysis,books,/gruntdata/zhoujie/bert_model,False,0,0.8675,0.8280,0.8620
multidomain_sentiment_analysis,books,state_dict/bert_PretrainBERT_data_all_val_acc_0.9294_0.6922_Rating_Mask_Multidomain/,True,0,0.9165,0.9310,0.9575
multidomain_sentiment_analysis,kitchen_&_housewares,state_dict/bert_PretrainBERT_data_all_val_acc_0.9228_0.6623_Rating_Mask_Multidomain/,True,0.8955,0.8985,0.9355,0
multidomain_sentiment_analysis,dvd,state_dict/bert_PretrainBERT_data_all_val_acc_0.9409_MLM/,True,0.8385,0,0.8925,0.9065
multidomain_sentiment_analysis,kitchen_&_housewares,/gruntdata/zhoujie/bert_model,False,0.8315,0.8220,0.8750,0
multidomain_sentiment_analysis,electronics,state_dict/bert_PretrainBERT_data_all_val_acc_0.9241_0.667_Rating_Mask_Multidomain/,True,0.9040,0.9120,0,0.9620
multidomain_sentiment_analysis,kitchen_&_housewares,/gruntdata/zhoujie/bert_model,True,0.5005,0.4820,0.4975,0
multidomain_sentiment_analysis,dvd,state_dict/bert_PretrainBERT_data_all_val_f1_0.4595_meanf1_0.6572_Rating_Mask/,False,0.9225,0,0.9225,0.9525
multidomain_sentiment_analysis,kitchen_&_housewares,state_dict/bert_PretrainBERT_data_all_val_f1_0.4595_meanf1_0.6572_Rating_Mask/,True,0.9005,0.9000,0.9370,0
multidomain_sentiment_analysis,books,state_dict/bert_PretrainBERT_data_all_val_acc_0.9294_0.6922_Rating_Mask_Multidomain/,False,0,0.9185,0.9400,0.9595
multidomain_sentiment_analysis,books,state_dict/bert_PretrainBERT_data_all_val_acc_0.9228_0.6623_Rating_Mask_Multidomain/,True,0,0.9130,0.9335,0.9620
multidomain_sentiment_analysis,electronics,/gruntdata/zhoujie/bert_model,True,0.5600,0.5390,0,0.5410
multidomain_sentiment_analysis,books,state_dict/bert_PretrainBERT_data_all_val_acc_0.9228_0.6623_Rating_Mask_Multidomain/,False,0,0.9115,0.9250,0.9570
multidomain_sentiment_analysis,electronics,state_dict/bert_PretrainBERT_data_all_val_acc_0.9409_MLM/,False,0.8280,0.8275,0,0.9270
multidomain_sentiment_analysis,dvd,/gruntdata/zhoujie/bert_model,False,0.8155,0,0.8060,0.8300
multidomain_sentiment_analysis,kitchen_&_housewares,/gruntdata/zhoujie/bert_model,True,0.5230,0.5275,0.5415,0
multidomain_sentiment_analysis,electronics,state_dict/bert_PretrainBERT_data_all_val_acc_0.9294_0.6922_Rating_Mask_Multidomain/,True,0.8665,0.8800,0,0.9565
multidomain_sentiment_analysis,dvd,state_dict/bert_PretrainBERT_data_all_val_acc_0.9228_0.6623_Rating_Mask_Multidomain/,True,0.9115,0,0.9355,0.9600
multidomain_sentiment_analysis,electronics,state_dict/bert_PretrainBERT_data_all_val_acc_0.9241_0.667_Rating_Mask_Multidomain/,False,0.8810,0.8965,0,0.9545
multidomain_sentiment_analysis,dvd,state_dict/bert_PretrainBERT_data_all_val_f1_0.4595_meanf1_0.6572_Rating_Mask/,True,0.9145,0,0.9335,0.9620
multidomain_sentiment_analysis,kitchen_&_housewares,state_dict/bert_PretrainBERT_data_all_val_acc_0.9241_0.667_Rating_Mask_Multidomain/,True,0.9075,0.9090,0.9400,0
multidomain_sentiment_analysis,kitchen_&_housewares,state_dict/bert_PretrainBERT_data_all_val_acc_0.9228_0.6623_Rating_Mask_Multidomain/,False,0.8700,0.8805,0.9185,0
multidomain_sentiment_analysis,kitchen_&_housewares,state_dict/bert_PretrainBERT_data_all_val_acc_0.9294_0.6922_Rating_Mask_Multidomain/,False,0.9015,0.9165,0.9300,0
multidomain_sentiment_analysis,electronics,state_dict/bert_PretrainBERT_data_all_val_acc_0.9228_0.6623_Rating_Mask_Multidomain/,True,0.8600,0.8815,0,0.9500
multidomain_sentiment_analysis,books,state_dict/bert_PretrainBERT_data_all_val_f1_0.4595_meanf1_0.6572_Rating_Mask/,False,0,0.9065,0.9305,0.9635
multidomain_sentiment_analysis,dvd,state_dict/bert_PretrainBERT_data_all_val_acc_0.9241_0.667_Rating_Mask_Multidomain/,True,0.9085,0,0.9400,0.9620
multidomain_sentiment_analysis,books,state_dict/bert_PretrainBERT_data_all_val_acc_0.9409_MLM/,True,0,0.8015,0.8790,0.9115
multidomain_sentiment_analysis,dvd,/gruntdata/zhoujie/bert_model,True,0.5215,0,0.5135,0.5025
few_shot_multidomain_sentiment_analysis,electronics,/gruntdata/zhoujie/bert_model/,True,0.5520,0.5480,0,0.5490,0.7
few_shot_multidomain_sentiment_analysis,electronics,state_dict/bert_PretrainBERT_data_all_val_acc_0.9294_0.6922_Rating_Mask_Multidomain,False,0.9005,0.9090,0,0.9570,0.1
few_shot_multidomain_sentiment_analysis,kitchen_&_housewares,/gruntdata/zhoujie/bert_model/,True,0.4990,0.5070,0.4975,0,0.05
few_shot_multidomain_sentiment_analysis,electronics,/gruntdata/zhoujie/bert_model/,True,0.5235,0.5120,0,0.5345,0.8
few_shot_multidomain_sentiment_analysis,dvd,state_dict/bert_PretrainBERT_data_all_val_acc_0.9294_0.6922_Rating_Mask_Multidomain,True,0.9145,0,0.9310,0.9575,0.3
few_shot_multidomain_sentiment_analysis,books,/gruntdata/zhoujie/bert_model/,True,0,0.5335,0.5670,0.5260,0.6
few_shot_multidomain_sentiment_analysis,books,/gruntdata/zhoujie/bert_model/,True,0,0.4800,0.4855,0.5020,0.05
few_shot_multidomain_sentiment_analysis,dvd,/gruntdata/zhoujie/bert_model/,False,0.7105,0,0.7585,0.7350,0.1
few_shot_multidomain_sentiment_analysis,dvd,state_dict/bert_PretrainBERT_data_all_val_acc_0.9294_0.6922_Rating_Mask_Multidomain,True,0.9120,0,0.9330,0.9605,0.8
few_shot_multidomain_sentiment_analysis,kitchen_&_housewares,/gruntdata/zhoujie/bert_model/,True,0.5270,0.5190,0.5545,0,0.1
few_shot_multidomain_sentiment_analysis,books,/gruntdata/zhoujie/bert_model/,True,0,0.5875,0.5805,0.5420,0.5
few_shot_multidomain_sentiment_analysis,electronics,/gruntdata/zhoujie/bert_model/,False,0.8460,0.8495,0,0.9105,0.7
few_shot_multidomain_sentiment_analysis,kitchen_&_housewares,state_dict/bert_PretrainBERT_data_all_val_acc_0.9294_0.6922_Rating_Mask_Multidomain,True,0.8955,0.8920,0.9305,0,0.05
few_shot_multidomain_sentiment_analysis,electronics,state_dict/bert_PretrainBERT_data_all_val_acc_0.9294_0.6922_Rating_Mask_Multidomain,True,0.8750,0.8815,0,0.9565,0.05
few_shot_multidomain_sentiment_analysis,kitchen_&_housewares,/gruntdata/zhoujie/bert_model/,True,0.5240,0.5235,0.5415,0,0.2
few_shot_multidomain_sentiment_analysis,kitchen_&_housewares,state_dict/bert_PretrainBERT_data_all_val_acc_0.9294_0.6922_Rating_Mask_Multidomain,False,0.8910,0.9000,0.9235,0,0.01
few_shot_multidomain_sentiment_analysis,kitchen_&_housewares,state_dict/bert_PretrainBERT_data_all_val_acc_0.9294_0.6922_Rating_Mask_Multidomain,True,0.8990,0.9075,0.9375,0,0.6
few_shot_multidomain_sentiment_analysis,kitchen_&_housewares,/gruntdata/zhoujie/bert_model/,False,0.7695,0.7975,0.8290,0,0.1
few_shot_multidomain_sentiment_analysis,electronics,state_dict/bert_PretrainBERT_data_all_val_acc_0.9294_0.6922_Rating_Mask_Multidomain,False,0.9000,0.9005,0,0.9565,0.3
few_shot_multidomain_sentiment_analysis,electronics,/gruntdata/zhoujie/bert_model/,False,0.7925,0.8275,0,0.8795,0.6
few_shot_multidomain_sentiment_analysis,kitchen_&_housewares,/gruntdata/zhoujie/bert_model/,False,0.8395,0.8495,0.8780,0,0.3
few_shot_multidomain_sentiment_analysis,books,/gruntdata/zhoujie/bert_model/,False,0,0.8440,0.8310,0.8525,0.2
few_shot_multidomain_sentiment_analysis,dvd,state_dict/bert_PretrainBERT_data_all_val_acc_0.9294_0.6922_Rating_Mask_Multidomain,True,0.8920,0,0.9295,0.9560,0.4
few_shot_multidomain_sentiment_analysis,books,state_dict/bert_PretrainBERT_data_all_val_acc_0.9294_0.6922_Rating_Mask_Multidomain,True,0,0.8795,0.8770,0.9205,0.01
few_shot_multidomain_sentiment_analysis,books,state_dict/bert_PretrainBERT_data_all_val_acc_0.9294_0.6922_Rating_Mask_Multidomain,False,0,0.9200,0.9375,0.9585,0.8
few_shot_multidomain_sentiment_analysis,books,state_dict/bert_PretrainBERT_data_all_val_acc_0.9294_0.6922_Rating_Mask_Multidomain,True,0,0.9080,0.9235,0.9515,0.1
few_shot_multidomain_sentiment_analysis,kitchen_&_housewares,state_dict/bert_PretrainBERT_data_all_val_acc_0.9294_0.6922_Rating_Mask_Multidomain,True,0.8880,0.8960,0.9255,0,0.01
few_shot_multidomain_sentiment_analysis,kitchen_&_housewares,/gruntdata/zhoujie/bert_model/,True,0.5005,0.5025,0.5000,0,0.6
few_shot_multidomain_sentiment_analysis,dvd,state_dict/bert_PretrainBERT_data_all_val_acc_0.9294_0.6922_Rating_Mask_Multidomain,True,0.9045,0,0.9195,0.9460,0.1
few_shot_multidomain_sentiment_analysis,kitchen_&_housewares,/gruntdata/zhoujie/bert_model/,False,0.8255,0.8355,0.8770,0,0.4
few_shot_multidomain_sentiment_analysis,dvd,/gruntdata/zhoujie/bert_model/,False,0.8525,0,0.8555,0.8735,0.7
few_shot_multidomain_sentiment_analysis,books,state_dict/bert_PretrainBERT_data_all_val_acc_0.9294_0.6922_Rating_Mask_Multidomain,True,0,0.9170,0.9375,0.9610,0.8
few_shot_multidomain_sentiment_analysis,kitchen_&_housewares,state_dict/bert_PretrainBERT_data_all_val_acc_0.9294_0.6922_Rating_Mask_Multidomain,True,0.8915,0.9075,0.9375,0,0.1
few_shot_multidomain_sentiment_analysis,kitchen_&_housewares,/gruntdata/zhoujie/bert_model/,True,0.5255,0.5450,0.5780,0,0.3
few_shot_multidomain_sentiment_analysis,kitchen_&_housewares,state_dict/bert_PretrainBERT_data_all_val_acc_0.9294_0.6922_Rating_Mask_Multidomain,True,0.9075,0.9125,0.9295,0,0.9
few_shot_multidomain_sentiment_analysis,dvd,state_dict/bert_PretrainBERT_data_all_val_acc_0.9294_0.6922_Rating_Mask_Multidomain,False,0.8980,0,0.9400,0.9585,0.4
few_shot_multidomain_sentiment_analysis,dvd,state_dict/bert_PretrainBERT_data_all_val_acc_0.9294_0.6922_Rating_Mask_Multidomain,False,0.9110,0,0.9435,0.9575,0.8
few_shot_multidomain_sentiment_analysis,books,state_dict/bert_PretrainBERT_data_all_val_acc_0.9294_0.6922_Rating_Mask_Multidomain,False,0,0.9220,0.9355,0.9625,0.4
few_shot_multidomain_sentiment_analysis,books,/gruntdata/zhoujie/bert_model/,False,0,0.8520,0.8485,0.8690,0.4
few_shot_multidomain_sentiment_analysis,kitchen_&_housewares,state_dict/bert_PretrainBERT_data_all_val_acc_0.9294_0.6922_Rating_Mask_Multidomain,False,0.9015,0.9125,0.9360,0,0.6
few_shot_multidomain_sentiment_analysis,kitchen_&_housewares,state_dict/bert_PretrainBERT_data_all_val_acc_0.9294_0.6922_Rating_Mask_Multidomain,True,0.8990,0.9090,0.9370,0,0.2
few_shot_multidomain_sentiment_analysis,books,state_dict/bert_PretrainBERT_data_all_val_acc_0.9294_0.6922_Rating_Mask_Multidomain,True,0,0.9110,0.9135,0.9450,0.4
few_shot_multidomain_sentiment_analysis,kitchen_&_housewares,state_dict/bert_PretrainBERT_data_all_val_acc_0.9294_0.6922_Rating_Mask_Multidomain,False,0.9065,0.9090,0.9400,0,0.5
few_shot_multidomain_sentiment_analysis,kitchen_&_housewares,state_dict/bert_PretrainBERT_data_all_val_acc_0.9294_0.6922_Rating_Mask_Multidomain,False,0.9160,0.9215,0.9375,0,0.1
few_shot_multidomain_sentiment_analysis,books,/gruntdata/zhoujie/bert_model/,False,0,0.5195,0.5120,0.5055,0.01
few_shot_multidomain_sentiment_analysis,electronics,state_dict/bert_PretrainBERT_data_all_val_acc_0.9294_0.6922_Rating_Mask_Multidomain,False,0.9065,0.9080,0,0.9555,0.5
few_shot_multidomain_sentiment_analysis,electronics,state_dict/bert_PretrainBERT_data_all_val_acc_0.9294_0.6922_Rating_Mask_Multidomain,False,0.9050,0.9150,0,0.9630,0.6
few_shot_multidomain_sentiment_analysis,books,state_dict/bert_PretrainBERT_data_all_val_acc_0.9294_0.6922_Rating_Mask_Multidomain,True,0,0.8665,0.9020,0.9405,0.9
few_shot_multidomain_sentiment_analysis,electronics,state_dict/bert_PretrainBERT_data_all_val_acc_0.9294_0.6922_Rating_Mask_Multidomain,True,0.9005,0.9135,0,0.9615,0.8
few_shot_multidomain_sentiment_analysis,kitchen_&_housewares,/gruntdata/zhoujie/bert_model/,False,0.6910,0.7040,0.7565,0,0.05
few_shot_multidomain_sentiment_analysis,kitchen_&_housewares,/gruntdata/zhoujie/bert_model/,True,0.5080,0.5080,0.5650,0,0.4
few_shot_multidomain_sentiment_analysis,books,state_dict/bert_PretrainBERT_data_all_val_acc_0.9294_0.6922_Rating_Mask_Multidomain,False,0,0.9155,0.9240,0.9520,0.9
few_shot_multidomain_sentiment_analysis,books,/gruntdata/zhoujie/bert_model/,False,0,0.7870,0.7860,0.7850,0.1
few_shot_multidomain_sentiment_analysis,electronics,state_dict/bert_PretrainBERT_data_all_val_acc_0.9294_0.6922_Rating_Mask_Multidomain,False,0.8785,0.8875,0,0.9340,0.01
few_shot_multidomain_sentiment_analysis,dvd,/gruntdata/zhoujie/bert_model/,True,0.5070,0,0.4995,0.5000,0.3
few_shot_multidomain_sentiment_analysis,electronics,state_dict/bert_PretrainBERT_data_all_val_acc_0.9294_0.6922_Rating_Mask_Multidomain,True,0.8440,0.8740,0,0.9430,0.4
few_shot_multidomain_sentiment_analysis,kitchen_&_housewares,/gruntdata/zhoujie/bert_model/,False,0.7995,0.7810,0.8140,0,0.2
few_shot_multidomain_sentiment_analysis,books,/gruntdata/zhoujie/bert_model/,False,0,0.8605,0.8470,0.8755,0.8
few_shot_multidomain_sentiment_analysis,electronics,/gruntdata/zhoujie/bert_model/,True,0.5190,0.5405,0,0.5200,0.1
few_shot_multidomain_sentiment_analysis,books,/gruntdata/zhoujie/bert_model/,False,0,0.8575,0.8435,0.8660,0.7
few_shot_multidomain_sentiment_analysis,books,state_dict/bert_PretrainBERT_data_all_val_acc_0.9294_0.6922_Rating_Mask_Multidomain,True,0,0.9145,0.9310,0.9610,0.6
few_shot_multidomain_sentiment_analysis,kitchen_&_housewares,/gruntdata/zhoujie/bert_model/,True,0.5155,0.5275,0.5510,0,0.5
few_shot_multidomain_sentiment_analysis,kitchen_&_housewares,/gruntdata/zhoujie/bert_model/,False,0.8220,0.8325,0.8815,0,0.7
few_shot_multidomain_sentiment_analysis,books,/gruntdata/zhoujie/bert_model/,True,0,0.5115,0.4990,0.4985,0.2
few_shot_multidomain_sentiment_analysis,kitchen_&_housewares,/gruntdata/zhoujie/bert_model/,True,0.5180,0.5255,0.5430,0,0.7
few_shot_multidomain_sentiment_analysis,kitchen_&_housewares,state_dict/bert_PretrainBERT_data_all_val_acc_0.9294_0.6922_Rating_Mask_Multidomain,False,0.9165,0.9100,0.9390,0,0.8
few_shot_multidomain_sentiment_analysis,books,state_dict/bert_PretrainBERT_data_all_val_acc_0.9294_0.6922_Rating_Mask_Multidomain,False,0,0.9140,0.9370,0.9585,0.5
few_shot_multidomain_sentiment_analysis,books,/gruntdata/zhoujie/bert_model/,False,0,0.8405,0.8320,0.8420,0.3
few_shot_multidomain_sentiment_analysis,electronics,/gruntdata/zhoujie/bert_model/,True,0.5270,0.5185,0,0.5165,0.05
few_shot_multidomain_sentiment_analysis,dvd,/gruntdata/zhoujie/bert_model/,False,0.8470,0,0.8260,0.8710,0.4
few_shot_multidomain_sentiment_analysis,dvd,/gruntdata/zhoujie/bert_model/,False,0.5245,0,0.5290,0.5205,0.01
few_shot_multidomain_sentiment_analysis,dvd,state_dict/bert_PretrainBERT_data_all_val_acc_0.9294_0.6922_Rating_Mask_Multidomain,True,0.8945,0,0.9360,0.9600,0.6
few_shot_multidomain_sentiment_analysis,dvd,state_dict/bert_PretrainBERT_data_all_val_acc_0.9294_0.6922_Rating_Mask_Multidomain,False,0.9200,0,0.9360,0.9550,0.3
few_shot_multidomain_sentiment_analysis,kitchen_&_housewares,/gruntdata/zhoujie/bert_model/,True,0.5520,0.5385,0.5450,0,0.9
few_shot_multidomain_sentiment_analysis,books,/gruntdata/zhoujie/bert_model/,False,0,0.8310,0.8290,0.8475,0.5
few_shot_multidomain_sentiment_analysis,dvd,/gruntdata/zhoujie/bert_model/,True,0.5150,0,0.5225,0.5050,0.01
few_shot_multidomain_sentiment_analysis,electronics,/gruntdata/zhoujie/bert_model/,True,0.5310,0.5420,0,0.5250,0.3
few_shot_multidomain_sentiment_analysis,dvd,/gruntdata/zhoujie/bert_model/,False,0.8205,0,0.8310,0.8405,0.5
few_shot_multidomain_sentiment_analysis,books,/gruntdata/zhoujie/bert_model/,False,0,0.7260,0.7050,0.7115,0.05
few_shot_multidomain_sentiment_analysis,dvd,state_dict/bert_PretrainBERT_data_all_val_acc_0.9294_0.6922_Rating_Mask_Multidomain,True,0.9140,0,0.9310,0.9580,0.5
few_shot_multidomain_sentiment_analysis,electronics,/gruntdata/zhoujie/bert_model/,False,0.7625,0.7765,0,0.8355,0.1
few_shot_multidomain_sentiment_analysis,electronics,state_dict/bert_PretrainBERT_data_all_val_acc_0.9294_0.6922_Rating_Mask_Multidomain,True,0.9015,0.9125,0,0.9570,0.3
few_shot_multidomain_sentiment_analysis,electronics,state_dict/bert_PretrainBERT_data_all_val_acc_0.9294_0.6922_Rating_Mask_Multidomain,False,0.9175,0.9155,0,0.9625,0.2
few_shot_multidomain_sentiment_analysis,dvd,/gruntdata/zhoujie/bert_model/,True,0.5590,0,0.5490,0.5250,0.5
few_shot_multidomain_sentiment_analysis,dvd,state_dict/bert_PretrainBERT_data_all_val_acc_0.9294_0.6922_Rating_Mask_Multidomain,False,0.9080,0,0.9310,0.9615,0.6
few_shot_multidomain_sentiment_analysis,books,/gruntdata/zhoujie/bert_model/,True,0,0.5540,0.5455,0.5220,0.1
few_shot_multidomain_sentiment_analysis,electronics,state_dict/bert_PretrainBERT_data_all_val_acc_0.9294_0.6922_Rating_Mask_Multidomain,True,0.8480,0.8640,0,0.9455,0.6
few_shot_multidomain_sentiment_analysis,kitchen_&_housewares,state_dict/bert_PretrainBERT_data_all_val_acc_0.9294_0.6922_Rating_Mask_Multidomain,True,0.9000,0.9135,0.9315,0,0.4
few_shot_multidomain_sentiment_analysis,dvd,state_dict/bert_PretrainBERT_data_all_val_acc_0.9294_0.6922_Rating_Mask_Multidomain,True,0.9090,0,0.9285,0.9600,0.2
few_shot_multidomain_sentiment_analysis,dvd,/gruntdata/zhoujie/bert_model/,False,0.8535,0,0.8570,0.8755,0.3
few_shot_multidomain_sentiment_analysis,electronics,state_dict/bert_PretrainBERT_data_all_val_acc_0.9294_0.6922_Rating_Mask_Multidomain,True,0.8750,0.8905,0,0.9555,0.5
few_shot_multidomain_sentiment_analysis,electronics,state_dict/bert_PretrainBERT_data_all_val_acc_0.9294_0.6922_Rating_Mask_Multidomain,True,0.8420,0.8585,0,0.9490,0.9
few_shot_multidomain_sentiment_analysis,kitchen_&_housewares,/gruntdata/zhoujie/bert_model/,True,0.5435,0.5465,0.5705,0,0.8
few_shot_multidomain_sentiment_analysis,electronics,/gruntdata/zhoujie/bert_model/,True,0.5000,0.5000,0,0.5000,0.01
few_shot_multidomain_sentiment_analysis,books,state_dict/bert_PretrainBERT_data_all_val_acc_0.9294_0.6922_Rating_Mask_Multidomain,False,0,0.9105,0.9365,0.9610,0.7
few_shot_multidomain_sentiment_analysis,dvd,/gruntdata/zhoujie/bert_model/,False,0.8230,0,0.8415,0.8455,0.8
few_shot_multidomain_sentiment_analysis,books,/gruntdata/zhoujie/bert_model/,True,0,0.5540,0.5200,0.5130,0.7
few_shot_multidomain_sentiment_analysis,dvd,/gruntdata/zhoujie/bert_model/,True,0.5605,0,0.5590,0.5395,0.9
few_shot_multidomain_sentiment_analysis,electronics,state_dict/bert_PretrainBERT_data_all_val_acc_0.9294_0.6922_Rating_Mask_Multidomain,False,0.8595,0.8860,0,0.9485,0.05
few_shot_multidomain_sentiment_analysis,books,/gruntdata/zhoujie/bert_model/,True,0,0.5310,0.5005,0.5025,0.8
few_shot_multidomain_sentiment_analysis,dvd,/gruntdata/zhoujie/bert_model/,True,0.5570,0,0.5380,0.5220,0.4
few_shot_multidomain_sentiment_analysis,dvd,state_dict/bert_PretrainBERT_data_all_val_acc_0.9294_0.6922_Rating_Mask_Multidomain,True,0.9085,0,0.9175,0.9495,0.05
few_shot_multidomain_sentiment_analysis,dvd,/gruntdata/zhoujie/bert_model/,False,0.8615,0,0.8050,0.8500,0.6
few_shot_multidomain_sentiment_analysis,kitchen_&_housewares,/gruntdata/zhoujie/bert_model/,True,0.5055,0.4970,0.5185,0,0.01
few_shot_multidomain_sentiment_analysis,electronics,/gruntdata/zhoujie/bert_model/,False,0.8260,0.8320,0,0.8890,0.3
few_shot_multidomain_sentiment_analysis,dvd,state_dict/bert_PretrainBERT_data_all_val_acc_0.9294_0.6922_Rating_Mask_Multidomain,True,0.9065,0,0.9325,0.9580,0.9
few_shot_multidomain_sentiment_analysis,dvd,/gruntdata/zhoujie/bert_model/,True,0.5600,0,0.5545,0.5245,0.7
few_shot_multidomain_sentiment_analysis,dvd,/gruntdata/zhoujie/bert_model/,True,0.5000,0,0.4990,0.5015,0.05
few_shot_multidomain_sentiment_analysis,dvd,/gruntdata/zhoujie/bert_model/,False,0.7915,0,0.8305,0.8190,0.2
few_shot_multidomain_sentiment_analysis,electronics,state_dict/bert_PretrainBERT_data_all_val_acc_0.9294_0.6922_Rating_Mask_Multidomain,True,0.9100,0.9185,0,0.9600,0.7
few_shot_multidomain_sentiment_analysis,kitchen_&_housewares,/gruntdata/zhoujie/bert_model/,False,0.8465,0.8245,0.8700,0,0.5
few_shot_multidomain_sentiment_analysis,kitchen_&_housewares,/gruntdata/zhoujie/bert_model/,False,0.8500,0.8480,0.9030,0,0.8
few_shot_multidomain_sentiment_analysis,electronics,state_dict/bert_PretrainBERT_data_all_val_acc_0.9294_0.6922_Rating_Mask_Multidomain,True,0.8400,0.8515,0,0.9460,0.01
few_shot_multidomain_sentiment_analysis,dvd,state_dict/bert_PretrainBERT_data_all_val_acc_0.9294_0.6922_Rating_Mask_Multidomain,True,0.9110,0,0.9310,0.9615,0.7
few_shot_multidomain_sentiment_analysis,books,/gruntdata/zhoujie/bert_model/,True,0,0.5155,0.4935,0.5005,0.4
few_shot_multidomain_sentiment_analysis,books,state_dict/bert_PretrainBERT_data_all_val_acc_0.9294_0.6922_Rating_Mask_Multidomain,False,0,0.9195,0.9320,0.9605,0.2
few_shot_multidomain_sentiment_analysis,books,state_dict/bert_PretrainBERT_data_all_val_acc_0.9294_0.6922_Rating_Mask_Multidomain,True,0,0.9070,0.9120,0.9515,0.05
few_shot_multidomain_sentiment_analysis,books,/gruntdata/zhoujie/bert_model/,True,0,0.5115,0.5075,0.5050,0.01
few_shot_multidomain_sentiment_analysis,books,state_dict/bert_PretrainBERT_data_all_val_acc_0.9294_0.6922_Rating_Mask_Multidomain,True,0,0.9125,0.9290,0.9550,0.2
few_shot_multidomain_sentiment_analysis,books,state_dict/bert_PretrainBERT_data_all_val_acc_0.9294_0.6922_Rating_Mask_Multidomain,True,0,0.9135,0.9315,0.9595,0.5
few_shot_multidomain_sentiment_analysis,electronics,state_dict/bert_PretrainBERT_data_all_val_acc_0.9294_0.6922_Rating_Mask_Multidomain,True,0.8555,0.8685,0,0.9435,0.1
few_shot_multidomain_sentiment_analysis,electronics,/gruntdata/zhoujie/bert_model/,False,0.5235,0.5285,0,0.5565,0.01
few_shot_multidomain_sentiment_analysis,electronics,state_dict/bert_PretrainBERT_data_all_val_acc_0.9294_0.6922_Rating_Mask_Multidomain,False,0.8985,0.9110,0,0.9605,0.8
few_shot_multidomain_sentiment_analysis,electronics,state_dict/bert_PretrainBERT_data_all_val_acc_0.9294_0.6922_Rating_Mask_Multidomain,True,0.8770,0.8920,0,0.9600,0.2
few_shot_multidomain_sentiment_analysis,kitchen_&_housewares,state_dict/bert_PretrainBERT_data_all_val_acc_0.9294_0.6922_Rating_Mask_Multidomain,True,0.9085,0.9190,0.9360,0,0.5
few_shot_multidomain_sentiment_analysis,electronics,state_dict/bert_PretrainBERT_data_all_val_acc_0.9294_0.6922_Rating_Mask_Multidomain,False,0.8645,0.8885,0,0.9505,0.9
few_shot_multidomain_sentiment_analysis,electronics,/gruntdata/zhoujie/bert_model/,False,0.8225,0.8265,0,0.8990,0.9
few_shot_multidomain_sentiment_analysis,kitchen_&_housewares,state_dict/bert_PretrainBERT_data_all_val_acc_0.9294_0.6922_Rating_Mask_Multidomain,False,0.8940,0.9060,0.9400,0,0.4
few_shot_multidomain_sentiment_analysis,dvd,/gruntdata/zhoujie/bert_model/,True,0.5440,0,0.5465,0.5370,0.6
few_shot_multidomain_sentiment_analysis,dvd,state_dict/bert_PretrainBERT_data_all_val_acc_0.9294_0.6922_Rating_Mask_Multidomain,False,0.9080,0,0.9395,0.9585,0.2
few_shot_multidomain_sentiment_analysis,electronics,/gruntdata/zhoujie/bert_model/,True,0.5390,0.5515,0,0.5495,0.4
few_shot_multidomain_sentiment_analysis,dvd,state_dict/bert_PretrainBERT_data_all_val_acc_0.9294_0.6922_Rating_Mask_Multidomain,False,0.9140,0,0.9185,0.9495,0.7
few_shot_multidomain_sentiment_analysis,books,/gruntdata/zhoujie/bert_model/,True,0,0.5070,0.5035,0.4985,0.3
few_shot_multidomain_sentiment_analysis,dvd,state_dict/bert_PretrainBERT_data_all_val_acc_0.9294_0.6922_Rating_Mask_Multidomain,False,0.9105,0,0.9380,0.9610,0.9
few_shot_multidomain_sentiment_analysis,dvd,state_dict/bert_PretrainBERT_data_all_val_acc_0.9294_0.6922_Rating_Mask_Multidomain,False,0.8865,0,0.9390,0.9570,0.1
few_shot_multidomain_sentiment_analysis,kitchen_&_housewares,state_dict/bert_PretrainBERT_data_all_val_acc_0.9294_0.6922_Rating_Mask_Multidomain,True,0.8880,0.8845,0.9275,0,0.8
few_shot_multidomain_sentiment_analysis,dvd,/gruntdata/zhoujie/bert_model/,False,0.8680,0,0.8445,0.8730,0.9
few_shot_multidomain_sentiment_analysis,dvd,state_dict/bert_PretrainBERT_data_all_val_acc_0.9294_0.6922_Rating_Mask_Multidomain,True,0.8850,0,0.9370,0.9580,0.01
few_shot_multidomain_sentiment_analysis,kitchen_&_housewares,/gruntdata/zhoujie/bert_model/,False,0.8450,0.8265,0.8685,0,0.6
few_shot_multidomain_sentiment_analysis,books,state_dict/bert_PretrainBERT_data_all_val_acc_0.9294_0.6922_Rating_Mask_Multidomain,True,0,0.9155,0.9235,0.9530,0.3
few_shot_multidomain_sentiment_analysis,electronics,/gruntdata/zhoujie/bert_model/,False,0.8055,0.8295,0,0.8710,0.5
few_shot_multidomain_sentiment_analysis,electronics,/gruntdata/zhoujie/bert_model/,False,0.6855,0.7130,0,0.7985,0.05
few_shot_multidomain_sentiment_analysis,electronics,state_dict/bert_PretrainBERT_data_all_val_acc_0.9294_0.6922_Rating_Mask_Multidomain,False,0.8875,0.9055,0,0.9560,0.4
few_shot_multidomain_sentiment_analysis,dvd,/gruntdata/zhoujie/bert_model/,True,0.5840,0,0.6055,0.5670,0.1
few_shot_multidomain_sentiment_analysis,kitchen_&_housewares,state_dict/bert_PretrainBERT_data_all_val_acc_0.9294_0.6922_Rating_Mask_Multidomain,False,0.8765,0.8900,0.9385,0,0.3
few_shot_multidomain_sentiment_analysis,electronics,/gruntdata/zhoujie/bert_model/,False,0.8070,0.8215,0,0.8950,0.4
few_shot_multidomain_sentiment_analysis,electronics,/gruntdata/zhoujie/bert_model/,True,0.5270,0.5420,0,0.5435,0.6
few_shot_multidomain_sentiment_analysis,books,/gruntdata/zhoujie/bert_model/,False,0,0.8510,0.8380,0.8660,0.6
few_shot_multidomain_sentiment_analysis,electronics,/gruntdata/zhoujie/bert_model/,True,0.5270,0.5285,0,0.5360,0.5
few_shot_multidomain_sentiment_analysis,books,state_dict/bert_PretrainBERT_data_all_val_acc_0.9294_0.6922_Rating_Mask_Multidomain,False,0,0.9155,0.9230,0.9500,0.05
few_shot_multidomain_sentiment_analysis,books,state_dict/bert_PretrainBERT_data_all_val_acc_0.9294_0.6922_Rating_Mask_Multidomain,False,0,0.9035,0.9215,0.9535,0.01
few_shot_multidomain_sentiment_analysis,electronics,/gruntdata/zhoujie/bert_model/,False,0.8090,0.8060,0,0.8470,0.2
few_shot_multidomain_sentiment_analysis,kitchen_&_housewares,state_dict/bert_PretrainBERT_data_all_val_acc_0.9294_0.6922_Rating_Mask_Multidomain,True,0.8755,0.8935,0.9400,0,0.3
few_shot_multidomain_sentiment_analysis,electronics,/gruntdata/zhoujie/bert_model/,False,0.8220,0.8395,0,0.8935,0.8
few_shot_multidomain_sentiment_analysis,kitchen_&_housewares,state_dict/bert_PretrainBERT_data_all_val_acc_0.9294_0.6922_Rating_Mask_Multidomain,False,0.9125,0.9135,0.9420,0,0.7
few_shot_multidomain_sentiment_analysis,dvd,/gruntdata/zhoujie/bert_model/,False,0.7220,0,0.6150,0.6510,0.05
few_shot_multidomain_sentiment_analysis,kitchen_&_housewares,state_dict/bert_PretrainBERT_data_all_val_acc_0.9294_0.6922_Rating_Mask_Multidomain,False,0.8680,0.8810,0.9265,0,0.05
few_shot_multidomain_sentiment_analysis,kitchen_&_housewares,/gruntdata/zhoujie/bert_model/,False,0.8315,0.8195,0.8660,0,0.9
few_shot_multidomain_sentiment_analysis,electronics,/gruntdata/zhoujie/bert_model/,True,0.5465,0.5585,0,0.5385,0.9
few_shot_multidomain_sentiment_analysis,books,state_dict/bert_PretrainBERT_data_all_val_acc_0.9294_0.6922_Rating_Mask_Multidomain,False,0,0.9130,0.9280,0.9510,0.3
few_shot_multidomain_sentiment_analysis,dvd,/gruntdata/zhoujie/bert_model/,True,0.5225,0,0.5400,0.5240,0.2
few_shot_multidomain_sentiment_analysis,electronics,/gruntdata/zhoujie/bert_model/,True,0.5340,0.5460,0,0.5450,0.2
few_shot_multidomain_sentiment_analysis,dvd,state_dict/bert_PretrainBERT_data_all_val_acc_0.9294_0.6922_Rating_Mask_Multidomain,False,0.9205,0,0.9260,0.9580,0.5
few_shot_multidomain_sentiment_analysis,dvd,/gruntdata/zhoujie/bert_model/,True,0.5290,0,0.5065,0.5080,0.8
few_shot_multidomain_sentiment_analysis,books,state_dict/bert_PretrainBERT_data_all_val_acc_0.9294_0.6922_Rating_Mask_Multidomain,False,0,0.9240,0.9385,0.9575,0.1
few_shot_multidomain_sentiment_analysis,books,state_dict/bert_PretrainBERT_data_all_val_acc_0.9294_0.6922_Rating_Mask_Multidomain,True,0,0.9165,0.9255,0.9550,0.7
few_shot_multidomain_sentiment_analysis,kitchen_&_housewares,state_dict/bert_PretrainBERT_data_all_val_acc_0.9294_0.6922_Rating_Mask_Multidomain,True,0.9075,0.9175,0.9325,0,0.7
few_shot_multidomain_sentiment_analysis,books,/gruntdata/zhoujie/bert_model/,True,0,0.5515,0.5680,0.5350,0.9
few_shot_multidomain_sentiment_analysis,books,/gruntdata/zhoujie/bert_model/,False,0,0.8625,0.8455,0.8555,0.9
few_shot_multidomain_sentiment_analysis,kitchen_&_housewares,state_dict/bert_PretrainBERT_data_all_val_acc_0.9294_0.6922_Rating_Mask_Multidomain,False,0.9125,0.9090,0.9380,0,0.2
few_shot_multidomain_sentiment_analysis,electronics,state_dict/bert_PretrainBERT_data_all_val_acc_0.9294_0.6922_Rating_Mask_Multidomain,False,0.9020,0.9040,0,0.9585,0.7
few_shot_multidomain_sentiment_analysis,kitchen_&_housewares,state_dict/bert_PretrainBERT_data_all_val_acc_0.9294_0.6922_Rating_Mask_Multidomain,False,0.9120,0.9155,0.9345,0,0.9
few_shot_multidomain_sentiment_analysis,books,state_dict/bert_PretrainBERT_data_all_val_acc_0.9294_0.6922_Rating_Mask_Multidomain,False,0,0.8895,0.9040,0.9330,0.6
few_shot_multidomain_sentiment_analysis,kitchen_&_housewares,/gruntdata/zhoujie/bert_model/,False,0.5065,0.4995,0.5710,0,0.01
few_shot_multidomain_sentiment_analysis,dvd,state_dict/bert_PretrainBERT_data_all_val_acc_0.9294_0.6922_Rating_Mask_Multidomain,False,0.8965,0,0.9290,0.9535,0.01
few_shot_multidomain_sentiment_analysis,dvd,state_dict/bert_PretrainBERT_data_all_val_acc_0.9294_0.6922_Rating_Mask_Multidomain,False,0.9150,0,0.9355,0.9560,0.05
